{
	"SamsungBrowser": "Samsung Browser",
	"MiuiBrowser": "Xiaomi Browser",
	"NokiaBrowser": "Nokia Browser",
	"UCBrowser": "UC Browser",
	"OPR": "Opera",
	"Flock": "Flock",
	"Edge": "Edge",
	"edg": "Edge",
	"Maxthon": "Maxthon",
	"Opera.*?Version": "Opera",
	"Opera": "Opera",
	"MSIE": "Internet Explorer",
	"Internet Explorer": "Internet Explorer",
	"Trident.* rv": "Internet Explorer",
	"YaBrowser": "Yandex Browser",
	"Chrome": "Chrome",
	"Shiira": "Shiira",
	"Firefox": "Firefox",
	"Chimera": "Chimera",
	"Phoenix": "Phoenix",
	"Firebird": "Firebird",
	"Camino": "Camino",
	"Netscape": "Netscape",
	"OmniWeb": "OmniWeb",
	"Safari": "Safari",
	"Mozilla": "Mozilla",
	"Konqueror": "Konqueror",
	"icab": "iCab",
	"Lynx": "Lynx",
	"Links": "Links",
	"hotjava": "HotJava",
	"amaya": "Amaya",
	"IBrowse": "IBrowse",
	"Ubuntu": "Ubuntu Web Browser"
}