{
    "MI' ": "MI",
    "vivo": "Vivo",
    "Ubuntu": "Ubuntu",
    "S25' ": "Smart S-25",
    "Moto G": "Moto G",
    "LAVA": "LAVA",
    "RMX' ": "Oppo Realme",
    "Lenovo": "Lenovo",
    "iPhone": "iPhone",
    "pixel' ": "Google Pixel",
    "BB": "BlackBerry",
    "HUAWEI": "HUAWEI",
    "LM": "LG",
    "LGM' ": "LG",
    "LG": "LG",
    "windows phone' ": "Windows Phone",
    "ASUS_' ": "Asus ZenFone",
    "KFAPWI": "Kindle Fire",
    "SM-' ": "Samsung",
    "HONOR' ": "Huawei Honor",
    "A37F": "Oppo",
    "ONEPLUS' ": "One Plus",
    "Karbonn' ": "Karbonn",
    "XT": "Motorola",
    "os x": "Apple Mac",
    "mobileexplorer' ": "Mobile Explorer",
    "palmsource": "Palm",
    "palmscape' ": "Palmscape",
    "motorola": "Motorola",
    "nokia' ": "Nokia",
    "nexus' ": "Nexus",
    "palm": "Palm",
    "ipad": "iPad",
    "ipod": "Apple iPod Touch",
    "sony": "Sony Ericsson",
    "ericsson": "Sony Ericsson",
    "blackberry": "BlackBerry",
    "cocoon": "O2 Cocoon",
    "blazer": "Treo",
    "lg": "LG",
    "amoi": "Amoi",
    "xda' ": "XDA",
    "mda' ": "MDA",
    "vario' ": "Vario",
    "htc' ": "HTC",
    "samsung' ": "Samsung",
    "sharp' ": "Sharp",
    "sie-": "Siemens",
    "alcatel' ": "Alcatel",
    "benq": "BenQ",
    "ipaq": "HP iPaq",
    "mot-": "Motorola",
    "playstation portable": "PlayStation Portable",
    "playstation 3' ": "PlayStation 3",
    "playstation vita": "PlayStation Vita",
    "hiptop": "Danger Hiptop",
    "nec-": "NEC",
    "panasonic' ": "Panasonic",
    "philips' ": "Philips",
    "sagem' ": "Sagem",
    "sanyo' ": "Sanyo",
    "spv' ": "SPV",
    "zte' ": "ZTE",
    "sendo' ": "Sendo",
    "nintendo dsi": "Nintendo DSi",
    "nintendo ds' ": "Nintendo DS",
    "nintendo 3ds": "Nintendo 3DS",
    "wii' ": "Nintendo Wii",
    "open web": "Open Web",
    "openweb' ": "OpenWeb",
    "android' ": "Android",
    "symbian' ": "Symbian",
    "SymbianOS' ": "SymbianOS",
    "elaine": "Palm",
    "series60": "Symbian S60",
    "windows ce": "Windows CE",
    "windows' ": "Windows",
    "obigo' ": "Obigo",
    "netfront": "Netfront Browser",
    "openwave": "Openwave Browser",
    "mobilexplorer' ": "Mobile Explorer",
    "operamini' ": "Opera Mini",
    "opera mini": "Opera Mini",
    "opera mobi": "Opera Mobile",
    "fennec": "Firefox Mobile",
    "digital paths' ": "Digital Paths",
    "avantgo' ": "AvantGo",
    "xiino' ": "Xiino",
    "novarra' ": "Novarra Transcoder",
    "vodafone": "Vodafone",
    "docomo": "NTT DoCoMo",
    "o2": "O2",
    "mobile": "Generic Mobile",
    "wireless": "Generic Mobile",
    "j2me": "Generic Mobile",
    "midp": "Generic Mobile",
    "cldc": "Generic Mobile",
    "up.link' ": "Generic Mobile",
    "up.browser": "Generic Mobile",
    "smartphone": "Generic Mobile",
    "cellphone' ": "Generic Mobile",
    "Linux' ": "Linux');"
}